{
    "name": "ChatGPT Code Readability and Maintainability Tester",
    "tags": [],
    "output": 2.290019841269841,
    "default_output": 1.8083333333333331,
    "flake8_output": 3.3,
    "pylint_output": 1.849285714285714,
    "black_output": 1.95,
    "radon_output": 1.6375,
    "pydocstyle_output": 3.195
}