{
    "name": "ChatGPT Code Readability and Maintainability Tester",
    "tags": [],
    "output": 1.9501948051948055,
    "default_output": 2.4897727272727277,
    "flake8_output": 1.9048484848484848,
    "pylint_output": 1.6029761904761906,
    "black_output": 2.0601190476190476,
    "radon_output": 2.0892857142857144,
    "pydocstyle_output": 1.5541666666666667
}